Set Name,Set Code,Pack Type,Expected Value,Confidence,Release Date
30th Anniversary Edition,30A,Draft Booster,142.32,58.9%,2022-11-28
Adventures in the Forgotten Realms,AFR,Arena Booster,2.69,4.7%,2021-07-23
Adventures in the Forgotten Realms,AFR,Collector Booster,20.13,23.4%,2021-07-23
Adventures in the Forgotten Realms,AFR,Draft Booster,4.9,8.5%,2021-07-23
Adventures in the Forgotten Realms,AFR,Prerelease Booster,5.41,77.9%,2021-07-23
Adventures in the Forgotten Realms,AFR,Set Booster,5.13,8.6%,2021-07-23
Adventures in the Forgotten Realms,AFR,Theme Booster — Black,2.41,3.9%,2021-07-23
Adventures in the Forgotten Realms,AFR,Theme Booster — Blue,3.01,3.2%,2021-07-23
Adventures in the Forgotten Realms,AFR,Theme Booster — Dungeons,0.41,0.4%,2021-07-23
Adventures in the Forgotten Realms,AFR,Theme Booster — Green,5.61,2.9%,2021-07-23
Adventures in the Forgotten Realms,AFR,Theme Booster — Red,6.65,5.1%,2021-07-23
Adventures in the Forgotten Realms,AFR,Theme Booster — White,3.76,3.6%,2021-07-23
Aether Revolt,AER,Draft Booster,2.3,2.4%,2017-01-20
Aether Revolt,AER,Prerelease Booster,4.6,70.8%,2017-01-20
Aetherdrift,DFT,Box Topper Booster,11.01,91.9%,2025-02-14
Aetherdrift,DFT,Collector Booster,11.75,12.3%,2025-02-14
Aetherdrift,DFT,Collector Booster — Sample,1.82,17.0%,2025-02-14
Aetherdrift,DFT,Play Booster,2.78,3.0%,2025-02-14
Aetherdrift,DFT,Prerelease Booster,2.78,51.4%,2025-02-14
Alara Reborn,ARB,Draft Booster,3.26,6.9%,2009-04-30
Alara Reborn,ARB,Six Booster,1.04,6.2%,2009-04-30
Alliances,ALL,Standard Booster,14.07,11.2%,1996-06-10
Amonkhet,AKH,Draft Booster,3.1,3.3%,2017-04-28
Amonkhet,AKH,Prerelease Booster,5.45,78.5%,2017-04-28
Antiquities,ATQ,Standard Booster,202.23,67.8%,1994-03-04
Apocalypse,APC,Bundle Booster,7.76,74.5%,2001-06-04
Apocalypse,APC,Draft Booster,6.44,4.9%,2001-06-04
Arabian Nights,ARN,Standard Booster,616.73,97.1%,1993-12-17
Assassin's Creed,ACR,Collector Booster,25.1,36.5%,2024-07-05
Assassin's Creed,ACR,Standard Booster,5.28,15.2%,2024-07-05
Avacyn Restored,AVR,Draft Booster,4.61,6.7%,2012-05-04
Avacyn Restored,AVR,Six Booster,1.39,5.5%,2012-05-04
Avatar: The Last Airbender,TLA,Collector Booster,28.09,24.0%,2025-11-21
Avatar: The Last Airbender,TLA,Play Booster,3.44,5.1%,2025-11-21
Avatar: The Last Airbender,TLA,Prerelease Booster,11.88,100.0%,2025-11-21
Avatar: The Last Airbender,TLA,Prerelease Booster — Aang,3.4,7.4%,2025-11-21
Avatar: The Last Airbender,TLA,Prerelease Booster — Azula,2.25,6.0%,2025-11-21
Avatar: The Last Airbender,TLA,Prerelease Booster — Katara,3.95,7.6%,2025-11-21
Avatar: The Last Airbender,TLA,Prerelease Booster — Toph,5.44,8.2%,2025-11-21
Avatar: The Last Airbender,TLA,Prerelease Booster — Zuko,4.03,7.4%,2025-11-21
Avatar: The Last Airbender Eternal,TLE,Jumpstart Booster,3.07,3.0%,2025-11-21
Battle for Zendikar,BFZ,Draft Booster,1.87,1.6%,2015-10-02
Battle for Zendikar,BFZ,Prerelease Booster,6.11,70.2%,2015-10-02
Battlebond,BBD,Draft Booster,7.9,6.7%,2018-06-08
Battlebond,BBD,Prerelease Booster,8.43,100.0%,2018-06-08
Betrayers of Kamigawa,BOK,Bundle Booster,3.5,45.5%,2005-02-04
Betrayers of Kamigawa,BOK,Draft Booster,6.99,12.1%,2005-02-04
Bloomburrow,BLB,Collector Booster,42.28,27.4%,2024-08-02
Bloomburrow,BLB,Collector Booster — Sample,8.62,44.5%,2024-08-02
Bloomburrow,BLB,Play Booster,5.68,6.8%,2024-08-02
Bloomburrow,BLB,Prerelease Booster,4.67,62.9%,2024-08-02
Bloomburrow,BLB,Value Booster,1.08,3.2%,2024-08-02
Born of the Gods,BNG,Draft Booster,1.57,2.9%,2014-02-07
Born of the Gods,BNG,Prerelease Booster — Conquer,0.71,1.5%,2014-02-07
Born of the Gods,BNG,Prerelease Booster — Dominate,0.9,2.3%,2014-02-07
Born of the Gods,BNG,Prerelease Booster — Lead,1.26,2.3%,2014-02-07
Born of the Gods,BNG,Prerelease Booster — Outwit,0.52,1.7%,2014-02-07
Born of the Gods,BNG,Prerelease Booster — Thrive,0.71,2.4%,2014-02-07
Champions of Kamigawa,CHK,Bundle Booster,2.47,44.1%,2004-10-01
Champions of Kamigawa,CHK,Draft Booster,10.7,8.8%,2004-10-01
Champions of Kamigawa,CHK,Tournament Booster,30.51,5.1%,2004-10-01
Chronicles,CHR,Standard Booster,5.41,7.9%,1995-07-01
Classic Sixth Edition,6ED,Draft Booster,6.79,7.5%,1999-04-21
Classic Sixth Edition,6ED,Tournament Booster,21.48,4.7%,1999-04-21
Coldsnap,CSP,Draft Booster,12.2,19.1%,2006-07-21
Commander Legends,CMR,Collector Booster,47.65,33.7%,2020-11-20
Commander Legends,CMR,Draft Booster,8.05,5.5%,2020-11-20
Commander Legends: Battle for Baldur's Gate,CLB,Collector Booster,49.33,28.3%,2022-06-10
Commander Legends: Battle for Baldur's Gate,CLB,Collector Booster — Sample,11.96,34.6%,2022-06-10
Commander Legends: Battle for Baldur's Gate,CLB,Draft Booster,20.78,19.5%,2022-06-10
Commander Legends: Battle for Baldur's Gate,CLB,Prerelease Booster,8.46,78.4%,2022-06-10
Commander Legends: Battle for Baldur's Gate,CLB,Set Booster,12.33,12.7%,2022-06-10
Commander Masters,CMM,Collector Booster,98.74,53.0%,2023-08-04
Commander Masters,CMM,Collector Booster — Sample,23.15,84.9%,2023-08-04
Commander Masters,CMM,Draft Booster,24.41,19.4%,2023-08-04
Commander Masters,CMM,Set Booster,27.33,24.5%,2023-08-04
Conflux,CON,Draft Booster,3.45,6.9%,2009-02-06
Conflux,CON,Six Booster,1.1,6.1%,2009-02-06
Conspiracy,CNS,Draft Booster,7.66,9.3%,2014-06-06
Conspiracy: Take the Crown,CN2,Draft Booster,4.3,5.2%,2016-08-26
Core Set 2019,M19,Arena Booster,2.24,3.0%,2018-07-13
Core Set 2019,M19,Draft Booster,2.43,3.2%,2018-07-13
Core Set 2019,M19,Prerelease Booster,6.58,77.0%,2018-07-13
Core Set 2020,M20,Arena Booster,2.85,4.7%,2019-07-12
Core Set 2020,M20,Draft Booster,3.21,5.1%,2019-07-12
Core Set 2020,M20,Prerelease Booster,6.98,78.5%,2019-07-12
Core Set 2020,M20,Theme Booster — Black,5.46,5.3%,2019-07-12
Core Set 2020,M20,Theme Booster — Blue,3.23,2.7%,2019-07-12
Core Set 2020,M20,Theme Booster — Green,5.93,5.2%,2019-07-12
Core Set 2020,M20,Theme Booster — Red,3.26,2.5%,2019-07-12
Core Set 2020,M20,Theme Booster — White,3.39,2.5%,2019-07-12
Core Set 2021,M21,Arena Booster,2.46,2.9%,2020-07-03
Core Set 2021,M21,Collector Booster,23.79,25.1%,2020-07-03
Core Set 2021,M21,Draft Booster,4.22,6.3%,2020-07-03
Core Set 2021,M21,Prerelease Booster,4.14,58.7%,2020-07-03
Dark Ascension,DKA,Draft Booster,1.33,2.5%,2012-02-03
Dark Ascension,DKA,Six Booster,0.3,1.5%,2012-02-03
Darksteel,DST,Bundle Booster,2.43,33.2%,2004-02-06
Darksteel,DST,Draft Booster,9.92,10.4%,2004-02-06
Dissension,DIS,Draft Booster,5.82,9.7%,2006-05-05
Doctor Who,WHO,Collector Booster,36.33,45.7%,2023-10-13
Doctor Who,WHO,Collector Booster — Sample,4.32,45.2%,2023-10-13
Dominaria,DOM,Arena Booster,2.32,4.1%,2018-04-27
Dominaria,DOM,Draft Booster,2.54,4.1%,2018-04-27
Dominaria,DOM,Prerelease Booster,6.93,80.2%,2018-04-27
Dominaria,DOM,Theme Booster — Black,9.18,4.5%,2018-04-27
Dominaria,DOM,Theme Booster — Blue,3.19,4.4%,2018-04-27
Dominaria,DOM,Theme Booster — Green,2.49,1.8%,2018-04-27
Dominaria,DOM,Theme Booster — Red,3.13,3.7%,2018-04-27
Dominaria,DOM,Theme Booster — White,2.2,1.4%,2018-04-27
Dominaria Remastered,DMR,Collector Booster,40.1,25.0%,2023-01-13
Dominaria Remastered,DMR,Draft Booster,7.27,7.3%,2023-01-13
Dominaria United,DMU,Arena Booster,1.8,2.5%,2022-09-09
Dominaria United,DMU,Box Topper Booster,0.35,11.1%,2022-09-09
Dominaria United,DMU,Collector Booster,18.45,20.1%,2022-09-09
Dominaria United,DMU,Collector Booster — Sample,3.42,24.5%,2022-09-09
Dominaria United,DMU,Draft Booster,2.31,4.1%,2022-09-09
Dominaria United,DMU,Jumpstart Booster,3.72,6.1%,2022-09-09
Dominaria United,DMU,Prerelease Booster,3.34,68.6%,2022-09-09
Dominaria United,DMU,Set Booster,4.07,7.6%,2022-09-09
Double Masters,2XM,Box Topper Booster,81.71,100.0%,2020-08-07
Double Masters,2XM,Draft Booster,21.57,19.5%,2020-08-07
Double Masters,2XM,VIP Booster,130.01,33.4%,2020-08-07
Double Masters 2022,2X2,Collector Booster,85.74,41.5%,2022-07-08
Double Masters 2022,2X2,Draft Booster,22.3,15.3%,2022-07-08
Dragon's Maze,DGM,Draft Booster,0.98,1.8%,2013-05-03
Dragon's Maze,DGM,Six Booster,0.13,1.2%,2013-05-03
Dragons of Tarkir,DTK,Bundle Booster,0.68,16.8%,2015-03-27
Dragons of Tarkir,DTK,Draft Booster,1.42,2.3%,2015-03-27
Dragons of Tarkir,DTK,Prerelease Booster — Atarka,3.17,7.5%,2015-03-27
Dragons of Tarkir,DTK,Prerelease Booster — Dromoka,2.36,3.8%,2015-03-27
Dragons of Tarkir,DTK,Prerelease Booster — Kolaghan,3.84,7.4%,2015-03-27
Dragons of Tarkir,DTK,Prerelease Booster — Ojutai,0.82,2.1%,2015-03-27
Dragons of Tarkir,DTK,Prerelease Booster — Silumgar,4.16,3.8%,2015-03-27
Duskmourn: House of Horror,DSK,Collector Booster,24.73,18.9%,2024-09-27
Duskmourn: House of Horror,DSK,Collector Booster — Sample,3.63,29.1%,2024-09-27
Duskmourn: House of Horror,DSK,Nightmare Booster,23.3,100.0%,2024-09-27
Duskmourn: House of Horror,DSK,Play Booster,4.97,5.9%,2024-09-27
Duskmourn: House of Horror,DSK,Prerelease Booster,4.44,67.1%,2024-09-27
Edge of Eternities,EOE,Collector Booster,30.73,24.9%,2025-08-01
Edge of Eternities,EOE,Collector Booster — Sample,5.69,36.3%,2025-08-01
Edge of Eternities,EOE,Play Booster,4.41,5.4%,2025-08-01
Edge of Eternities,EOE,Prerelease Booster,4.55,67.1%,2025-08-01
Eighth Edition,8ED,Draft Booster,3.12,3.9%,2003-07-28
Eldritch Moon,EMN,Draft Booster,1.65,2.4%,2016-07-22
Eldritch Moon,EMN,Prerelease Booster,5.51,77.8%,2016-07-22
Eternal Masters,EMA,Draft Booster,17.23,14.1%,2016-06-10
Eventide,EVE,Draft Booster,9.84,9.7%,2008-07-25
Exodus,EXO,Draft Booster,36.07,11.6%,1998-06-15
Fallen Empires,FEM,Standard Booster,1.18,7.2%,1994-11-01
Fallout,PIP,Collector Booster,72.48,60.5%,2024-03-08
Fallout,PIP,Collector Booster — Sample,6.47,62.8%,2024-03-08
Fate Reforged,FRF,Draft Booster,1.54,2.9%,2015-01-23
Fate Reforged,FRF,Prerelease Booster — Abzan,0.82,2.8%,2015-01-23
Fate Reforged,FRF,Prerelease Booster — Jeskai,2.0,3.8%,2015-01-23
Fate Reforged,FRF,Prerelease Booster — Mardu,2.24,4.8%,2015-01-23
Fate Reforged,FRF,Prerelease Booster — Sultai,3.34,6.6%,2015-01-23
Fate Reforged,FRF,Prerelease Booster — Temur,4.17,6.6%,2015-01-23
Fifth Dawn,5DN,Bundle Booster,3.52,31.4%,2004-06-04
Fifth Dawn,5DN,Draft Booster,13.31,12.5%,2004-06-04
Fifth Edition,5ED,Draft Booster,6.31,8.1%,1997-03-24
Fifth Edition,5ED,Starter Booster,19.33,7.3%,1997-03-24
Final Fantasy,FIN,Bundle Booster — Promo,6.69,74.5%,2025-06-13
Final Fantasy,FIN,Chocobo Bundle Booster,252.16,100.0%,2025-06-13
Final Fantasy,FIN,Chocobo Bundle Scene Booster,11.27,100.0%,2025-06-13
Final Fantasy,FIN,Collector Booster,65.8,35.5%,2025-06-13
Final Fantasy,FIN,Collector Booster — Sample,15.94,67.0%,2025-06-13
Final Fantasy,FIN,Play Booster,5.85,6.3%,2025-06-13
Final Fantasy,FIN,Prerelease Booster,13.68,100.0%,2025-06-13
Foundations,FDN,Beginner Booster,0.84,1.5%,2024-11-15
Foundations,FDN,Collector Booster,44.19,26.0%,2024-11-15
Foundations,FDN,Play Booster,4.92,6.7%,2024-11-15
Foundations,FDN,Prerelease Booster,4.81,75.7%,2024-11-15
Foundations Jumpstart,J25,Jumpstart Booster,3.34,3.1%,2024-11-15
Fourth Edition,4ED,Standard Booster,5.87,7.6%,1995-04-01
Fourth Edition,4ED,Starter Booster,16.94,5.2%,1995-04-01
Future Sight,FUT,Draft Booster,10.87,11.7%,2007-05-04
Gatecrash,GTC,Draft Booster,2.38,3.2%,2013-02-01
Gatecrash,GTC,Prerelease Booster — Boros,2.67,3.7%,2013-02-01
Gatecrash,GTC,Prerelease Booster — Dimir,1.72,3.0%,2013-02-01
Gatecrash,GTC,Prerelease Booster — Gruul,1.39,3.0%,2013-02-01
Gatecrash,GTC,Prerelease Booster — Orzhov,2.37,2.8%,2013-02-01
Gatecrash,GTC,Prerelease Booster — Simic,1.79,3.9%,2013-02-01
Gatecrash,GTC,Six Booster,0.74,2.6%,2013-02-01
Guildpact,GPT,Draft Booster,2.91,4.2%,2006-02-03
Guilds of Ravnica,GRN,Arena Booster,1.43,1.8%,2018-10-05
Guilds of Ravnica,GRN,Draft Booster,1.58,2.0%,2018-10-05
Guilds of Ravnica,GRN,Prerelease Booster — Boros,2.43,6.2%,2018-10-05
Guilds of Ravnica,GRN,Prerelease Booster — Dimir,1.29,3.5%,2018-10-05
Guilds of Ravnica,GRN,Prerelease Booster — Golgari,2.69,2.5%,2018-10-05
Guilds of Ravnica,GRN,Prerelease Booster — Izzet,3.57,7.0%,2018-10-05
Guilds of Ravnica,GRN,Prerelease Booster — Selesnya,1.4,2.5%,2018-10-05
Guilds of Ravnica,GRN,Theme Booster — Boros,1.98,2.1%,2018-10-05
Guilds of Ravnica,GRN,Theme Booster — Dimir,1.14,0.4%,2018-10-05
Guilds of Ravnica,GRN,Theme Booster — Golgari,1.48,0.6%,2018-10-05
Guilds of Ravnica,GRN,Theme Booster — Izzet,2.66,2.5%,2018-10-05
Guilds of Ravnica,GRN,Theme Booster — Selesnya,1.13,0.6%,2018-10-05
Homelands,HML,Standard Booster,1.57,4.8%,1995-10-01
Hour of Devastation,HOU,Draft Booster,2.72,2.2%,2017-07-14
Hour of Devastation,HOU,Prerelease Booster,5.09,60.4%,2017-07-14
Ice Age,ICE,Standard Booster,9.45,12.3%,1995-06-03
Ice Age,ICE,Starter Booster,44.92,22.8%,1995-06-03
Iconic Masters,IMA,Draft Booster,8.08,8.0%,2017-11-17
Ikoria: Lair of Behemoths,IKO,Arena Booster,3.75,3.4%,2020-04-24
Ikoria: Lair of Behemoths,IKO,Box Topper Booster,18.96,93.3%,2020-04-24
Ikoria: Lair of Behemoths,IKO,Box Topper Booster — JP,15.8,77.8%,2020-04-24
Ikoria: Lair of Behemoths,IKO,Collector Booster,52.05,26.4%,2020-04-24
Ikoria: Lair of Behemoths,IKO,Collector Booster — JP,48.9,24.9%,2020-04-24
Ikoria: Lair of Behemoths,IKO,Draft Booster,6.74,7.9%,2020-04-24
Ikoria: Lair of Behemoths,IKO,Jp Booster,7.74,8.0%,2020-04-24
Ikoria: Lair of Behemoths,IKO,Prerelease Booster,6.3,63.6%,2020-04-24
Ikoria: Lair of Behemoths,IKO,Theme Booster — Black,4.79,0.2%,2020-04-24
Ikoria: Lair of Behemoths,IKO,Theme Booster — Blue,8.42,7.8%,2020-04-24
Ikoria: Lair of Behemoths,IKO,Theme Booster — Green,5.44,1.3%,2020-04-24
Ikoria: Lair of Behemoths,IKO,Theme Booster — Monsters,2.98,2.1%,2020-04-24
Ikoria: Lair of Behemoths,IKO,Theme Booster — Red,4.22,0.2%,2020-04-24
Ikoria: Lair of Behemoths,IKO,Theme Booster — White,8.36,1.3%,2020-04-24
Innistrad,ISD,Draft Booster,2.43,3.4%,2011-09-30
Innistrad,ISD,Six Booster,0.61,2.4%,2011-09-30
Innistrad Remastered,INR,Collector Booster,21.78,22.7%,2025-01-24
Innistrad Remastered,INR,Play Booster,5.55,8.2%,2025-01-24
Innistrad: Crimson Vow,VOW,Arena Booster,1.7,4.2%,2021-11-19
Innistrad: Crimson Vow,VOW,Box Topper Booster,1.36,23.1%,2021-11-19
Innistrad: Crimson Vow,VOW,Collector Booster,10.81,17.6%,2021-11-19
Innistrad: Crimson Vow,VOW,Draft Booster,3.62,7.5%,2021-11-19
Innistrad: Crimson Vow,VOW,Prerelease Booster,2.56,61.5%,2021-11-19
Innistrad: Crimson Vow,VOW,Set Booster,3.34,7.0%,2021-11-19
Innistrad: Crimson Vow,VOW,Theme Booster — Black,0.64,0.6%,2021-11-19
Innistrad: Crimson Vow,VOW,Theme Booster — Blue,1.25,1.1%,2021-11-19
Innistrad: Crimson Vow,VOW,Theme Booster — Green,1.6,1.7%,2021-11-19
Innistrad: Crimson Vow,VOW,Theme Booster — Red,7.6,9.8%,2021-11-19
Innistrad: Crimson Vow,VOW,Theme Booster — Vampires,3.57,6.0%,2021-11-19
Innistrad: Crimson Vow,VOW,Theme Booster — White,1.14,0.7%,2021-11-19
Innistrad: Double Feature,DBL,Draft Booster,8.94,13.4%,2022-01-28
Innistrad: Midnight Hunt,MID,Arena Booster,1.04,2.0%,2021-09-24
Innistrad: Midnight Hunt,MID,Collector Booster,9.86,17.6%,2021-09-24
Innistrad: Midnight Hunt,MID,Draft Booster,1.93,3.8%,2021-09-24
Innistrad: Midnight Hunt,MID,Prerelease Booster,2.79,66.9%,2021-09-24
Innistrad: Midnight Hunt,MID,Set Booster,2.88,5.7%,2021-09-24
Innistrad: Midnight Hunt,MID,Theme Booster — Black,2.04,0.9%,2021-09-24
Innistrad: Midnight Hunt,MID,Theme Booster — Blue,0.57,0.7%,2021-09-24
Innistrad: Midnight Hunt,MID,Theme Booster — Green,1.15,1.2%,2021-09-24
Innistrad: Midnight Hunt,MID,Theme Booster — Werewolves,0.18,0.1%,2021-09-24
Innistrad: Midnight Hunt,MID,Theme Booster — White,0.68,0.6%,2021-09-24
Invasion,INV,Bundle Booster,8.49,75.0%,2000-10-02
Invasion,INV,Draft Booster,6.61,7.1%,2000-10-02
Invasion,INV,Tournament Booster,22.92,10.0%,2000-10-02
Ixalan,XLN,Arena Booster,1.25,2.3%,2017-09-29
Ixalan,XLN,Draft Booster,1.42,2.4%,2017-09-29
Ixalan,XLN,Prerelease Booster,5.66,75.2%,2017-09-29
Ixalan,XLN,Treasure Chest Booster,16.85,31.5%,2017-09-29
Journey into Nyx,JOU,Draft Booster,2.99,2.4%,2014-05-02
Journey into Nyx,JOU,Prerelease Booster — Glory,3.93,1.5%,2014-05-02
Journey into Nyx,JOU,Prerelease Booster — Intellect,6.08,8.9%,2014-05-02
Journey into Nyx,JOU,Prerelease Booster — Pursuit,4.25,1.7%,2014-05-02
Journey into Nyx,JOU,Prerelease Booster — Tyranny,9.69,9.6%,2014-05-02
Journey into Nyx,JOU,Prerelease Booster — War,4.44,3.0%,2014-05-02
Judgment,JUD,Bundle Booster,14.95,76.4%,2002-05-27
Judgment,JUD,Draft Booster,14.99,17.6%,2002-05-27
Jumpstart,JMP,Jumpstart Booster,5.71,3.6%,2020-07-17
Jumpstart 2022,J22,Jumpstart Booster,7.89,6.4%,2022-12-02
Kaladesh,KLD,Buyabox Booster,7.22,15.8%,2016-09-30
Kaladesh,KLD,Draft Booster,3.32,2.4%,2016-09-30
Kaladesh,KLD,Prerelease Booster,5.21,70.2%,2016-09-30
Kaldheim,KHM,Arena Booster,3.33,4.8%,2021-02-05
Kaldheim,KHM,Collector Booster,23.45,23.3%,2021-02-05
Kaldheim,KHM,Draft Booster,4.48,6.5%,2021-02-05
Kaldheim,KHM,Prerelease Booster,6.2,75.8%,2021-02-05
Kaldheim,KHM,Set Booster,5.81,10.8%,2021-02-05
Kaldheim,KHM,Theme Booster — Black,3.46,2.0%,2021-02-05
Kaldheim,KHM,Theme Booster — Blue,1.63,2.1%,2021-02-05
Kaldheim,KHM,Theme Booster — Green,14.13,8.4%,2021-02-05
Kaldheim,KHM,Theme Booster — Red,5.68,2.1%,2021-02-05
Kaldheim,KHM,Theme Booster — Vikings,6.16,3.3%,2021-02-05
Kaldheim,KHM,Theme Booster — White,9.86,3.8%,2021-02-05
Kamigawa: Neon Dynasty,NEO,Arena Booster,4.26,5.7%,2022-02-18
Kamigawa: Neon Dynasty,NEO,Collector Booster,33.86,27.0%,2022-02-18
Kamigawa: Neon Dynasty,NEO,Draft Booster,7.06,8.6%,2022-02-18
Kamigawa: Neon Dynasty,NEO,Prerelease Booster,4.56,61.8%,2022-02-18
Kamigawa: Neon Dynasty,NEO,Set Booster,7.25,10.8%,2022-02-18
Kamigawa: Neon Dynasty,NEO,Theme Booster — Black,3.25,3.6%,2022-02-18
Kamigawa: Neon Dynasty,NEO,Theme Booster — Blue,5.0,1.5%,2022-02-18
Kamigawa: Neon Dynasty,NEO,Theme Booster — Green,13.93,3.9%,2022-02-18
Kamigawa: Neon Dynasty,NEO,Theme Booster — Ninjas,1.94,2.9%,2022-02-18
Kamigawa: Neon Dynasty,NEO,Theme Booster — Red,1.36,1.3%,2022-02-18
Kamigawa: Neon Dynasty,NEO,Theme Booster — White,2.14,1.6%,2022-02-18
Khans of Tarkir,KTK,Arena Booster,2.1,2.3%,2014-09-26
Khans of Tarkir,KTK,Draft Booster,2.36,2.5%,2014-09-26
Khans of Tarkir,KTK,Prerelease Booster — Abzan,2.62,5.4%,2014-09-26
Khans of Tarkir,KTK,Prerelease Booster — Jeskai,4.35,3.1%,2014-09-26
Khans of Tarkir,KTK,Prerelease Booster — Mardu,6.02,5.9%,2014-09-26
Khans of Tarkir,KTK,Prerelease Booster — Sultai,2.92,4.0%,2014-09-26
Khans of Tarkir,KTK,Prerelease Booster — Temur,5.43,5.7%,2014-09-26
Legends,LEG,Standard Booster,152.34,42.7%,1994-06-01
Legions,LGN,Bundle Booster,8.94,68.2%,2003-02-03
Legions,LGN,Draft Booster,6.82,7.7%,2003-02-03
Limited Edition Alpha,LEA,Standard Booster,1013.47,93.1%,1993-08-05
Limited Edition Alpha,LEA,Starter Booster,4032.94,95.8%,1993-08-05
Limited Edition Beta,LEB,Standard Booster,655.94,96.9%,1993-10-04
Limited Edition Beta,LEB,Starter Booster,2444.23,98.4%,1993-10-04
Lorwyn,LRW,Draft Booster,10.43,12.9%,2007-10-12
Lorwyn,LRW,Tournament Booster,34.04,11.4%,2007-10-12
Lorwyn Eclipsed,ECL,Collector Booster,12.49,13.5%,2026-01-23
Lorwyn Eclipsed,ECL,Play Booster,2.89,3.8%,2026-01-23
Lorwyn Eclipsed,ECL,Prerelease Booster,1.75,30.9%,2026-01-23
Magic 2010,M10,Draft Booster,6.13,8.3%,2009-07-17
Magic 2010,M10,Six Booster,1.99,7.1%,2009-07-17
Magic 2011,M11,Draft Booster,5.11,8.3%,2010-07-16
Magic 2011,M11,Six Booster,1.63,7.1%,2010-07-16
Magic 2012,M12,Draft Booster,3.07,5.1%,2011-07-15
Magic 2012,M12,Six Booster,0.92,4.3%,2011-07-15
Magic 2013,M13,Draft Booster,2.55,3.5%,2012-07-13
Magic 2013,M13,Six Booster,0.78,2.7%,2012-07-13
Magic 2014,M14,Draft Booster,3.16,4.3%,2013-07-19
Magic 2014,M14,Duelspromo Booster,0.15,1.8%,2013-07-19
Magic 2014,M14,Six Booster,0.97,3.6%,2013-07-19
Magic 2015,M15,Draft Booster,2.91,3.3%,2014-07-18
Magic 2015,M15,Duelspromo Booster,0.11,1.0%,2014-07-18
Magic 2015,M15,Prerelease Booster — Ambition,6.39,10.7%,2014-07-18
Magic 2015,M15,Prerelease Booster — Ferocity,6.13,11.3%,2014-07-18
Magic 2015,M15,Prerelease Booster — Guile,4.52,3.7%,2014-07-18
Magic 2015,M15,Prerelease Booster — Strength,4.02,3.3%,2014-07-18
Magic 2015,M15,Prerelease Booster — Valor,6.29,10.6%,2014-07-18
Magic Origins,ORI,Draft Booster,1.67,2.7%,2015-07-17
Magic Origins,ORI,Prerelease Booster — Chandra,5.04,8.6%,2015-07-17
Magic Origins,ORI,Prerelease Booster — Gideon,2.94,6.7%,2015-07-17
Magic Origins,ORI,Prerelease Booster — Jace,3.91,11.2%,2015-07-17
Magic Origins,ORI,Prerelease Booster — Liliana,2.4,6.7%,2015-07-17
Magic Origins,ORI,Prerelease Booster — Nissa,3.66,11.2%,2015-07-17
March of the Machine,MOM,Arena Booster,4.74,5.6%,2023-04-21
March of the Machine,MOM,Collector Booster,23.43,17.6%,2023-04-21
March of the Machine,MOM,Collector Booster — Sample,3.98,23.9%,2023-04-21
March of the Machine,MOM,Draft Booster,4.89,5.3%,2023-04-21
March of the Machine,MOM,Jumpstart Booster,6.84,6.1%,2023-04-21
March of the Machine,MOM,Prerelease Booster,8.98,70.4%,2023-04-21
March of the Machine,MOM,Set Booster,6.48,8.5%,2023-04-21
March of the Machine: The Aftermath,MAT,Arena Booster,6.02,6.8%,2023-05-12
March of the Machine: The Aftermath,MAT,Collector Booster,14.97,31.7%,2023-05-12
March of the Machine: The Aftermath,MAT,Standard Booster,4.89,13.3%,2023-05-12
Marvel Super Heroes,MSH,Collector Booster,34.39,24.9%,2026-06-26
Marvel Super Heroes,MSH,Jumpstart Booster,10.68,5.5%,2026-06-26
Marvel Super Heroes,MSH,Play Booster,3.04,3.6%,2026-06-26
Marvel Super Heroes,MSH,Prerelease Booster,1.74,27.6%,2026-06-26
Marvel's Spider-Man,SPM,Collector Booster,21.02,20.0%,2025-09-26
Marvel's Spider-Man,SPM,Play Booster,3.57,4.0%,2025-09-26
Marvel's Spider-Man,SPM,Prerelease Booster,4.66,76.9%,2025-09-26
Masters 25,A25,Draft Booster,9.47,14.4%,2018-03-16
Mercadian Masques,MMQ,Bundle Booster,27.85,86.4%,1999-10-04
Mercadian Masques,MMQ,Draft Booster,13.46,14.6%,1999-10-04
Mercadian Masques,MMQ,Tournament Booster,31.24,8.3%,1999-10-04
Mirage,MIR,Draft Booster,18.3,7.9%,1996-10-08
Mirage,MIR,Starter Booster,61.66,13.1%,1996-10-08
Mirrodin,MRD,Bundle Booster,6.07,35.5%,2003-10-02
Mirrodin,MRD,Draft Booster,12.36,15.0%,2003-10-02
Mirrodin,MRD,Tournament Booster,33.84,8.8%,2003-10-02
Mirrodin Besieged,MBS,Draft Booster,5.32,6.5%,2011-02-04
Mirrodin Besieged,MBS,Mirran Booster,3.79,6.0%,2011-02-04
Mirrodin Besieged,MBS,Phyrexian Booster,6.87,7.2%,2011-02-04
Mirrodin Besieged,MBS,Six Booster,1.58,5.2%,2011-02-04
Modern Horizons,MH1,Draft Booster,9.1,13.2%,2019-06-14
Modern Horizons 2,MH2,Collector Booster,40.43,26.2%,2021-06-18
Modern Horizons 2,MH2,Draft Booster,8.55,8.5%,2021-06-18
Modern Horizons 2,MH2,Prerelease Booster,10.91,78.6%,2021-06-18
Modern Horizons 2,MH2,Set Booster,14.71,13.6%,2021-06-18
Modern Horizons 3,MH3,Collector Booster,70.91,32.7%,2024-06-14
Modern Horizons 3,MH3,Collector Booster — Sample,13.04,47.7%,2024-06-14
Modern Horizons 3,MH3,Play Booster,9.33,10.5%,2024-06-14
Modern Horizons 3,MH3,Prerelease Booster,8.3,85.7%,2024-06-14
Modern Masters,MMA,Draft Booster,11.91,14.6%,2013-06-07
Modern Masters 2015,MM2,Draft Booster,9.17,9.1%,2015-05-22
Modern Masters 2017,MM3,Draft Booster,8.07,7.8%,2017-03-17
Morningtide,MOR,Draft Booster,11.17,9.9%,2008-02-01
Murders at Karlov Manor,MKM,Collector Booster,24.91,13.5%,2024-02-09
Murders at Karlov Manor,MKM,Collector Booster — Sample,6.15,23.7%,2024-02-09
Murders at Karlov Manor,MKM,Play Booster,4.4,5.2%,2024-02-09
Murders at Karlov Manor,MKM,Play Booster — Arena,3.58,4.3%,2024-02-09
Murders at Karlov Manor,MKM,Prerelease Booster,8.43,61.5%,2024-02-09
Mystery Booster,MB1,Convention Booster,13.15,14.0%,2019-11-07
Mystery Booster,MB1,Convention Booster — 2021,11.69,12.4%,2019-11-07
Mystery Booster,MB1,Draft Booster,16.54,16.5%,2019-11-07
Mystery Booster 2,MB2,Draft Booster,12.16,16.8%,2024-08-02
Nemesis,NEM,Bundle Booster,20.05,83.6%,2000-02-14
Nemesis,NEM,Draft Booster,9.13,9.3%,2000-02-14
New Phyrexia,NPH,Draft Booster,11.03,15.4%,2011-05-13
New Phyrexia,NPH,Six Booster,3.51,13.5%,2011-05-13
Ninth Edition,9ED,Draft Booster,5.33,7.5%,2005-07-29
Oath of the Gatewatch,OGW,Draft Booster,1.28,2.3%,2016-01-22
Oath of the Gatewatch,OGW,Prerelease Booster,3.78,75.0%,2016-01-22
Odyssey,ODY,Bundle Booster,11.48,75.9%,2001-10-01
Odyssey,ODY,Draft Booster,7.84,9.4%,2001-10-01
Odyssey,ODY,Tournament Booster,34.26,19.5%,2001-10-01
Onslaught,ONS,Bundle Booster,9.67,70.5%,2002-10-07
Onslaught,ONS,Draft Booster,13.88,8.4%,2002-10-07
Onslaught,ONS,Tournament Booster,41.2,8.7%,2002-10-07
Outlaws of Thunder Junction,OTJ,Collector Booster,22.51,19.2%,2024-04-19
Outlaws of Thunder Junction,OTJ,Collector Booster — Sample,3.96,28.0%,2024-04-19
Outlaws of Thunder Junction,OTJ,Play Booster,5.05,5.8%,2024-04-19
Outlaws of Thunder Junction,OTJ,Prerelease Booster,2.58,48.6%,2024-04-19
Phyrexia: All Will Be One,ONE,Arena Booster,2.77,3.6%,2023-02-10
Phyrexia: All Will Be One,ONE,Collector Booster,26.94,22.1%,2023-02-10
Phyrexia: All Will Be One,ONE,Collector Booster — Sample,5.46,25.2%,2023-02-10
Phyrexia: All Will Be One,ONE,Compleat Booster,176.07,100.0%,2023-02-10
Phyrexia: All Will Be One,ONE,Draft Booster,4.35,5.9%,2023-02-10
Phyrexia: All Will Be One,ONE,Jumpstart Booster,3.14,3.4%,2023-02-10
Phyrexia: All Will Be One,ONE,Prerelease Booster,3.95,62.9%,2023-02-10
Phyrexia: All Will Be One,ONE,Set Booster,5.6,8.2%,2023-02-10
Planar Chaos,PLC,Draft Booster,10.42,12.5%,2007-02-02
Planeshift,PLS,Bundle Booster,9.78,72.7%,2001-02-05
Planeshift,PLS,Draft Booster,6.27,8.3%,2001-02-05
Portal,POR,Standard Booster,14.52,18.0%,1997-05-01
Portal Second Age,P02,Standard Booster,20.71,32.9%,1998-06-24
Portal Three Kingdoms,PTK,Standard Booster,208.26,100.0%,1999-05-01
Prophecy,PCY,Bundle Booster,14.91,71.8%,2000-06-05
Prophecy,PCY,Draft Booster,17.46,6.7%,2000-06-05
Ravnica Allegiance,RNA,Arena Booster,2.49,3.1%,2019-01-25
Ravnica Allegiance,RNA,Collector Booster,8.85,9.7%,2019-01-25
Ravnica Allegiance,RNA,Draft Booster,2.67,3.3%,2019-01-25
Ravnica Allegiance,RNA,Prerelease Booster — Azorius,1.12,5.6%,2019-01-25
Ravnica Allegiance,RNA,Prerelease Booster — Gruul,3.3,5.7%,2019-01-25
Ravnica Allegiance,RNA,Prerelease Booster — Orzhov,2.29,5.9%,2019-01-25
Ravnica Allegiance,RNA,Prerelease Booster — Rakdos,2.19,4.9%,2019-01-25
Ravnica Allegiance,RNA,Prerelease Booster — Simic,5.72,7.9%,2019-01-25
Ravnica Allegiance,RNA,Theme Booster — Azorius,4.77,2.6%,2019-01-25
Ravnica Allegiance,RNA,Theme Booster — Gruul,5.63,3.8%,2019-01-25
Ravnica Allegiance,RNA,Theme Booster — Orzhov,4.46,0.9%,2019-01-25
Ravnica Allegiance,RNA,Theme Booster — Rakdos,1.01,0.8%,2019-01-25
Ravnica Allegiance,RNA,Theme Booster — Simic,4.33,4.6%,2019-01-25
Ravnica Remastered,RVR,Collector Booster,57.49,26.7%,2024-01-12
Ravnica Remastered,RVR,Draft Booster,7.69,7.1%,2024-01-12
Ravnica: City of Guilds,RAV,Draft Booster,5.59,10.4%,2005-10-07
Ravnica: City of Guilds,RAV,Tournament Booster,14.95,6.0%,2005-10-07
Ravnica: Clue Edition,CLU,Box Topper Booster,28.47,100.0%,2024-02-23
Ravnica: Clue Edition,CLU,Standard Booster,6.33,6.5%,2024-02-23
Return to Ravnica,RTR,Draft Booster,2.36,2.8%,2012-10-05
Return to Ravnica,RTR,Prerelease Booster — Azorius,1.29,2.4%,2012-10-05
Return to Ravnica,RTR,Prerelease Booster — Golgari,1.69,2.9%,2012-10-05
Return to Ravnica,RTR,Prerelease Booster — Izzet,2.83,2.2%,2012-10-05
Return to Ravnica,RTR,Prerelease Booster — Rakdos,1.14,1.8%,2012-10-05
Return to Ravnica,RTR,Prerelease Booster — Selesnya,1.29,2.3%,2012-10-05
Return to Ravnica,RTR,Six Booster,0.72,2.2%,2012-10-05
Revised Edition,3ED,Standard Booster,61.06,10.9%,1994-04-11
Revised Edition,3ED,Starter Booster,133.78,8.8%,1994-04-11
Rise of the Eldrazi,ROE,Draft Booster,6.23,7.2%,2010-04-23
Rise of the Eldrazi,ROE,Six Booster,1.79,5.8%,2010-04-23
Rivals of Ixalan,RIX,Arena Booster,1.77,3.4%,2018-01-19
Rivals of Ixalan,RIX,Draft Booster,2.34,4.9%,2018-01-19
Rivals of Ixalan,RIX,Prerelease Booster,5.02,87.2%,2018-01-19
Saviors of Kamigawa,SOK,Bundle Booster,7.85,45.5%,2005-06-03
Saviors of Kamigawa,SOK,Draft Booster,8.88,10.1%,2005-06-03
Scars of Mirrodin,SOM,Draft Booster,7.32,8.6%,2010-10-01
Scars of Mirrodin,SOM,Six Booster,2.25,7.2%,2010-10-01
Scourge,SCG,Bundle Booster,9.3,78.2%,2003-05-26
Scourge,SCG,Draft Booster,14.6,16.6%,2003-05-26
Secret Lair Drop,SLD,Baseball Signed Booster,309.08,60.0%,2019-12-02
Secret Lair Drop,SLD,Blueprint Mk1 Booster,34.19,100.0%,2019-12-02
Secret Lair Drop,SLD,Blueprint Mk2 Booster,34.21,100.0%,2019-12-02
Secret Lair Drop,SLD,Chaos Emeralds Booster,191.04,100.0%,2019-12-02
Secret Lair Drop,SLD,Deceptive Districts Booster,8.76,100.0%,2019-12-02
Secret Lair Drop,SLD,Dnd 50Th Anniversary Booster,24.83,100.0%,2019-12-02
Secret Lair Drop,SLD,Elusive Elves Early Booster,1.54,55.1%,2019-12-02
Secret Lair Drop,SLD,Elusive Elves Late Booster,1.4,44.1%,2019-12-02
Secret Lair Drop,SLD,Fin Elementals Booster,659.86,100.0%,2019-12-02
Secret Lair Drop,SLD,Handsome Humans Jun Booster,1.9,55.2%,2019-12-02
Secret Lair Drop,SLD,Handsome Humans May Booster,1.82,18.6%,2019-12-02
Secret Lair Drop,SLD,Jumpstart Booster — Lands,1.47,63.5%,2019-12-02
Secret Lair Drop,SLD,Spider Man Booster,2.21,70.0%,2019-12-02
Secret Lair Drop,SLD,Stained Glass Booster — Black,5.36,66.7%,2019-12-02
Secret Lair Drop,SLD,Stained Glass Booster — Blue,8.03,100.0%,2019-12-02
Secret Lair Drop,SLD,Stained Glass Booster — Colorless,12.83,100.0%,2019-12-02
Secret Lair Drop,SLD,Stained Glass Booster — Green,2.25,72.7%,2019-12-02
Secret Lair Drop,SLD,Stained Glass Booster — IWD,4.23,72.2%,2019-12-02
Secret Lair Drop,SLD,Stained Glass Booster — Red,2.31,72.7%,2019-12-02
Secret Lair Drop,SLD,Stained Glass Booster — Tattoo,6.55,80.0%,2019-12-02
Secret Lair Drop,SLD,Stained Glass Booster — Uncommon,4.25,70.0%,2019-12-02
Secret Lair Drop,SLD,Stained Glass Booster — White,3.25,90.0%,2019-12-02
Secret Lair Drop,SLD,Surprise Slivers Booster,3.83,86.9%,2019-12-02
Secret Lair Drop,SLD,Zippy Zombies Feb Booster,4.05,100.0%,2019-12-02
Secret Lair Drop,SLD,Zippy Zombies Jun Booster,4.83,100.0%,2019-12-02
Secret Lair Drop,SLD,Zippy Zombies Mar Booster,1.84,42.1%,2019-12-02
Secret Lair Drop,SLD,Zippy Zombies May Booster,3.35,100.0%,2019-12-02
Secrets of Strixhaven,SOS,Codex Bundle Booster,14.01,100.0%,2026-04-24
Secrets of Strixhaven,SOS,Collector Booster,25.27,21.1%,2026-04-24
Secrets of Strixhaven,SOS,Play Booster,2.66,5.6%,2026-04-24
Secrets of Strixhaven,SOS,Prerelease Booster — Lorehold,2.25,4.8%,2026-04-24
Secrets of Strixhaven,SOS,Prerelease Booster — Prismari,2.28,5.2%,2026-04-24
Secrets of Strixhaven,SOS,Prerelease Booster — Quandrix,1.82,4.0%,2026-04-24
Secrets of Strixhaven,SOS,Prerelease Booster — Silverquill,2.42,6.2%,2026-04-24
Secrets of Strixhaven,SOS,Prerelease Booster — Witherbloom,2.55,6.3%,2026-04-24
Seventh Edition,7ED,Draft Booster,9.79,8.1%,2001-04-11
Shadowmoor,SHM,Draft Booster,13.45,16.3%,2008-05-02
Shadowmoor,SHM,Tournament Booster,34.08,9.5%,2008-05-02
Shadows over Innistrad,SOI,Draft Booster,1.04,1.9%,2016-04-08
Shadows over Innistrad,SOI,Prerelease Booster,4.45,85.3%,2016-04-08
Shards of Alara,ALA,Draft Booster,3.51,6.1%,2008-10-03
Shards of Alara,ALA,Premium Booster,2.98,6.2%,2008-10-03
Shards of Alara,ALA,Tournament Booster,9.4,3.6%,2008-10-03
Signature Spellbook: Chandra,SS3,Standard Booster,28.82,51.4%,2020-06-26
Signature Spellbook: Gideon,SS2,Standard Booster,22.14,66.7%,2019-06-28
Signature Spellbook: Jace,SS1,Standard Booster,43.86,76.4%,2018-06-15
Starter 1999,S99,Standard Booster,12.03,12.4%,1999-07-01
Streets of New Capenna,SNC,Arena Booster,2.25,3.9%,2022-04-29
Streets of New Capenna,SNC,Collector Booster,16.17,16.7%,2022-04-29
Streets of New Capenna,SNC,Collector Booster — Sample,4.41,23.7%,2022-04-29
Streets of New Capenna,SNC,Draft Booster,3.58,5.7%,2022-04-29
Streets of New Capenna,SNC,Prerelease Booster — Brokers,6.17,11.4%,2022-04-29
Streets of New Capenna,SNC,Prerelease Booster — Cabaretti,5.26,5.7%,2022-04-29
Streets of New Capenna,SNC,Prerelease Booster — Maestros,5.12,5.2%,2022-04-29
Streets of New Capenna,SNC,Prerelease Booster — Obscura,5.2,5.2%,2022-04-29
Streets of New Capenna,SNC,Prerelease Booster — Riveteers,4.26,3.9%,2022-04-29
Streets of New Capenna,SNC,Set Booster,3.81,5.6%,2022-04-29
Streets of New Capenna,SNC,Theme Booster — Brokers,3.97,3.3%,2022-04-29
Streets of New Capenna,SNC,Theme Booster — Cabaretti,2.69,2.4%,2022-04-29
Streets of New Capenna,SNC,Theme Booster — Maestros,3.95,2.8%,2022-04-29
Streets of New Capenna,SNC,Theme Booster — Obscura,3.98,2.8%,2022-04-29
Streets of New Capenna,SNC,Theme Booster — Riveteers,1.05,0.6%,2022-04-29
Strixhaven: School of Mages,STX,Arena Booster,2.87,4.1%,2021-04-23
Strixhaven: School of Mages,STX,Collector Booster,37.3,26.7%,2021-04-23
Strixhaven: School of Mages,STX,Draft Booster,3.16,4.3%,2021-04-23
Strixhaven: School of Mages,STX,Jp Booster,5.46,5.3%,2021-04-23
Strixhaven: School of Mages,STX,Prerelease Booster — Lorehold,3.22,6.3%,2021-04-23
Strixhaven: School of Mages,STX,Prerelease Booster — Prismari,4.04,8.2%,2021-04-23
Strixhaven: School of Mages,STX,Prerelease Booster — Quandrix,3.05,5.2%,2021-04-23
Strixhaven: School of Mages,STX,Prerelease Booster — Silverquill,2.6,4.1%,2021-04-23
Strixhaven: School of Mages,STX,Prerelease Booster — Witherbloom,3.39,5.3%,2021-04-23
Strixhaven: School of Mages,STX,Set Booster,4.57,6.5%,2021-04-23
Strixhaven: School of Mages,STX,Set Booster — JP,7.44,7.9%,2021-04-23
Strixhaven: School of Mages,STX,Theme Booster — Lorehold,1.71,2.3%,2021-04-23
Strixhaven: School of Mages,STX,Theme Booster — Prismari,4.53,5.0%,2021-04-23
Strixhaven: School of Mages,STX,Theme Booster — Quandrix,2.2,1.8%,2021-04-23
Strixhaven: School of Mages,STX,Theme Booster — Silverquill,0.47,0.4%,2021-04-23
Strixhaven: School of Mages,STX,Theme Booster — Witherbloom,1.23,0.9%,2021-04-23
Stronghold,STH,Draft Booster,45.37,11.5%,1998-03-02
Summer Magic / Edgar,SUM,Standard Booster,12.4,0.2%,1994-06-21
Tarkir: Dragonstorm,TDM,Collector Booster,29.51,21.6%,2025-04-11
Tarkir: Dragonstorm,TDM,Collector Booster — Sample,2.87,23.4%,2025-04-11
Tarkir: Dragonstorm,TDM,Play Booster,3.58,4.4%,2025-04-11
Tarkir: Dragonstorm,TDM,Prerelease Booster,4.28,74.3%,2025-04-11
Tarkir: Dragonstorm,TDM,Prerelease Booster — Abzan,2.55,3.0%,2025-04-11
Tarkir: Dragonstorm,TDM,Prerelease Booster — Jeskai,2.34,2.9%,2025-04-11
Tarkir: Dragonstorm,TDM,Prerelease Booster — Mardu,2.74,2.7%,2025-04-11
Tarkir: Dragonstorm,TDM,Prerelease Booster — Sultai,1.23,2.6%,2025-04-11
Tarkir: Dragonstorm,TDM,Prerelease Booster — Temur,2.5,4.2%,2025-04-11
Teenage Mutant Ninja Turtles,TMT,Collector Booster,19.87,23.3%,2026-03-06
Teenage Mutant Ninja Turtles,TMT,Play Booster,2.05,4.2%,2026-03-06
Teenage Mutant Ninja Turtles,TMT,Prerelease Booster,1.04,33.1%,2026-03-06
Tempest,TMP,Draft Booster,25.39,12.8%,1997-10-14
Tempest,TMP,Starter Booster,75.88,10.8%,1997-10-14
Tenth Edition,10E,Draft Booster,5.14,6.7%,2007-07-13
The Brothers' War,BRO,Arena Booster,4.74,6.0%,2022-11-18
The Brothers' War,BRO,Collector Booster,27.33,24.8%,2022-11-18
The Brothers' War,BRO,Collector Booster — Sample,5.01,36.0%,2022-11-18
The Brothers' War,BRO,Draft Booster,5.42,6.6%,2022-11-18
The Brothers' War,BRO,Jumpstart Booster,1.59,2.1%,2022-11-18
The Brothers' War,BRO,Prerelease Booster,3.49,59.7%,2022-11-18
The Brothers' War,BRO,Set Booster,6.98,9.9%,2022-11-18
The Dark,DRK,Standard Booster,17.03,28.3%,1994-08-01
The Lord of the Rings: Tales of Middle-earth,LTR,Arena Booster,6.84,7.4%,2023-06-23
The Lord of the Rings: Tales of Middle-earth,LTR,Box Topper Booster,39.21,100.0%,2023-06-23
The Lord of the Rings: Tales of Middle-earth,LTR,Collector Booster,59.47,29.3%,2023-06-23
The Lord of the Rings: Tales of Middle-earth,LTR,Collector Booster — Sample,12.24,45.0%,2023-06-23
The Lord of the Rings: Tales of Middle-earth,LTR,Collector Booster — Special,191.72,46.9%,2023-06-23
The Lord of the Rings: Tales of Middle-earth,LTR,Draft Booster,9.72,10.1%,2023-06-23
The Lord of the Rings: Tales of Middle-earth,LTR,Jumpstart Booster,8.68,8.1%,2023-06-23
The Lord of the Rings: Tales of Middle-earth,LTR,Jumpstart Booster — V2,13.51,9.2%,2023-06-23
The Lord of the Rings: Tales of Middle-earth,LTR,Prerelease Booster,14.82,66.7%,2023-06-23
The Lord of the Rings: Tales of Middle-earth,LTR,Set Booster,9.31,11.4%,2023-06-23
The Lost Caverns of Ixalan,LCI,Arena Booster,3.52,4.2%,2023-11-17
The Lost Caverns of Ixalan,LCI,Box Topper Booster,19.7,100.0%,2023-11-17
The Lost Caverns of Ixalan,LCI,Box Topper Booster — Foil,43.16,100.0%,2023-11-17
The Lost Caverns of Ixalan,LCI,Collector Booster,54.68,26.4%,2023-11-17
The Lost Caverns of Ixalan,LCI,Collector Booster — Sample,7.37,36.2%,2023-11-17
The Lost Caverns of Ixalan,LCI,Draft Booster,4.64,5.5%,2023-11-17
The Lost Caverns of Ixalan,LCI,Prerelease Booster,4.17,57.0%,2023-11-17
The Lost Caverns of Ixalan,LCI,Set Booster,6.27,7.6%,2023-11-17
Theros,THS,Draft Booster,2.44,2.0%,2013-09-27
Theros,THS,Prerelease Booster — Ambition,7.74,9.4%,2013-09-27
Theros,THS,Prerelease Booster — Battle,6.55,1.5%,2013-09-27
Theros,THS,Prerelease Booster — Honor,5.08,3.1%,2013-09-27
Theros,THS,Prerelease Booster — Might,5.8,3.1%,2013-09-27
Theros,THS,Prerelease Booster — Wisdom,5.58,2.6%,2013-09-27
Theros Beyond Death,THB,Arena Booster,2.85,2.8%,2020-01-24
Theros Beyond Death,THB,Collector Booster,19.33,27.4%,2020-01-24
Theros Beyond Death,THB,Draft Booster,4.15,8.2%,2020-01-24
Theros Beyond Death,THB,Prerelease Booster,6.53,66.9%,2020-01-24
Theros Beyond Death,THB,Theme Booster — Black,3.66,4.9%,2020-01-24
Theros Beyond Death,THB,Theme Booster — Blue,6.03,1.3%,2020-01-24
Theros Beyond Death,THB,Theme Booster — Green,6.95,5.9%,2020-01-24
Theros Beyond Death,THB,Theme Booster — Red,2.46,0.9%,2020-01-24
Theros Beyond Death,THB,Theme Booster — White,3.82,1.2%,2020-01-24
Throne of Eldraine,ELD,Arena Booster,2.04,4.5%,2019-10-04
Throne of Eldraine,ELD,Collector Booster,13.96,14.4%,2019-10-04
Throne of Eldraine,ELD,Draft Booster,2.33,4.5%,2019-10-04
Throne of Eldraine,ELD,Prerelease Booster,4.36,73.6%,2019-10-04
Throne of Eldraine,ELD,Theme Booster — Black,5.87,7.5%,2019-10-04
Throne of Eldraine,ELD,Theme Booster — Blue,2.99,5.0%,2019-10-04
Throne of Eldraine,ELD,Theme Booster — Green,6.08,4.6%,2019-10-04
Throne of Eldraine,ELD,Theme Booster — Red,1.26,1.3%,2019-10-04
Throne of Eldraine,ELD,Theme Booster — White,2.53,3.9%,2019-10-04
Time Spiral,TSP,Draft Booster,8.42,8.9%,2006-10-06
Time Spiral,TSP,Tournament Booster,20.66,5.0%,2006-10-06
Time Spiral Remastered,TSR,Draft Booster,9.99,10.6%,2021-03-19
Torment,TOR,Bundle Booster,16.93,78.2%,2002-02-04
Torment,TOR,Draft Booster,13.66,15.5%,2002-02-04
Ugin's Fate,UGIN,Fate Booster,2.54,10.0%,2015-01-17
Ultimate Masters,UMA,Box Topper Booster,43.89,100.0%,2018-12-07
Ultimate Masters,UMA,Draft Booster,15.94,10.5%,2018-12-07
Unfinity,UNF,Box Topper Booster,30.8,100.0%,2022-10-07
Unfinity,UNF,Collector Booster,18.03,18.0%,2022-10-07
Unfinity,UNF,Draft Booster,3.63,5.8%,2022-10-07
Unglued,UGL,Draft Booster,17.27,30.9%,1998-08-11
Unhinged,UNH,Draft Booster,17.88,15.7%,2004-11-19
Unlimited Edition,2ED,Standard Booster,429.27,75.5%,1993-12-01
Unlimited Edition,2ED,Starter Booster,1012.52,75.1%,1993-12-01
Unstable,UST,Draft Booster,5.0,7.8%,2017-12-08
Urza's Destiny,UDS,Draft Booster,30.44,10.6%,1999-06-07
Urza's Legacy,ULG,Draft Booster,28.98,15.4%,1999-02-15
Urza's Saga,USG,Draft Booster,37.98,12.4%,1998-10-12
Urza's Saga,USG,Tournament Booster,128.54,19.7%,1998-10-12
Visions,VIS,Draft Booster,13.79,14.7%,1997-02-03
War of the Spark,WAR,Arena Booster,2.74,5.1%,2019-05-03
War of the Spark,WAR,Draft Booster,3.07,5.1%,2019-05-03
War of the Spark,WAR,Jp Booster,2.7,4.3%,2019-05-03
War of the Spark,WAR,Prerelease Booster,5.67,45.5%,2019-05-03
War of the Spark,WAR,Theme Booster — Black,6.7,6.9%,2019-05-03
War of the Spark,WAR,Theme Booster — Blue,7.39,6.8%,2019-05-03
War of the Spark,WAR,Theme Booster — Green,7.85,4.4%,2019-05-03
War of the Spark,WAR,Theme Booster — Red,5.01,4.2%,2019-05-03
War of the Spark,WAR,Theme Booster — White,1.48,1.4%,2019-05-03
Weatherlight,WTH,Draft Booster,13.56,11.2%,1997-06-09
Wilds of Eldraine,WOE,Arena Booster,6.68,6.8%,2023-09-08
Wilds of Eldraine,WOE,Collector Booster,36.53,27.8%,2023-09-08
Wilds of Eldraine,WOE,Collector Booster — Sample,11.06,43.1%,2023-09-08
Wilds of Eldraine,WOE,Draft Booster,8.16,7.6%,2023-09-08
Wilds of Eldraine,WOE,Prerelease Booster,2.88,55.7%,2023-09-08
Wilds of Eldraine,WOE,Set Booster,10.17,10.7%,2023-09-08
Worldwake,WWK,Draft Booster,8.93,13.1%,2010-02-05
Worldwake,WWK,Six Booster,2.87,13.4%,2010-02-05
Zendikar,ZEN,Draft Booster,8.84,8.0%,2009-10-02
Zendikar,ZEN,Six Booster,2.76,8.5%,2009-10-02
Zendikar Rising,ZNR,Arena Booster,3.16,3.7%,2020-09-25
Zendikar Rising,ZNR,Collector Booster,21.62,17.7%,2020-09-25
Zendikar Rising,ZNR,Draft Booster,4.02,4.8%,2020-09-25
Zendikar Rising,ZNR,Prerelease Booster,4.93,61.5%,2020-09-25
Zendikar Rising,ZNR,Set Booster,5.12,6.7%,2020-09-25
Zendikar Rising,ZNR,Theme Booster — Black,12.26,3.2%,2020-09-25
Zendikar Rising,ZNR,Theme Booster — Blue,4.66,3.1%,2020-09-25
Zendikar Rising,ZNR,Theme Booster — Green,8.59,3.5%,2020-09-25
Zendikar Rising,ZNR,Theme Booster — Party,0.7,0.3%,2020-09-25
Zendikar Rising,ZNR,Theme Booster — Red,3.13,1.3%,2020-09-25
Zendikar Rising,ZNR,Theme Booster — White,2.88,3.5%,2020-09-25
Zendikar Rising Expeditions,ZNE,Box Topper Booster,31.21,100.0%,2020-09-25
